antecedents,consequents,antecedent support,consequent support,support,confidence,lift,leverage,conviction,zhangs_metric
frozenset({'Order Status_CLOSED'}),frozenset({'Delivery Status_Late delivery'}),0.10866446191259646,0.5482913155955883,0.061539228557658754,0.5663234094616639,1.0328877976965367,0.0019594477771145424,1.0415795877838179,0.03572238304651789
frozenset({'Delivery Status_Late delivery'}),frozenset({'Order Status_CLOSED'}),0.5482913155955883,0.10866446191259646,0.061539228557658754,0.11223819675278095,1.0328877976965367,0.0019594477771145424,1.0040255559848514,0.07048930121083452
frozenset({'Order Region_Western Europe'}),frozenset({'Delivery Status_Late delivery'}),0.1501725580132839,0.5482913155955883,0.08386928799738531,0.5584861116234461,1.0185937579857225,0.0015309785979270712,1.0230905443662124,0.021480056163980462
frozenset({'Delivery Status_Late delivery'}),frozenset({'Order Region_Western Europe'}),0.5482913155955883,0.1501725580132839,0.08386928799738531,0.1529648302130798,1.0185937579857225,0.0015309785979270712,1.0032965245120795,0.04041175610257589
frozenset({'Delivery Status_Late delivery'}),frozenset({'Category Name_Cleats'}),0.5482913155955883,0.13600230446656586,0.07476221339581983,0.13635491073683784,1.002592649232342,0.00019333095581468285,1.0004082768195588,0.005724806438005591
frozenset({'Category Name_Cleats'}),frozenset({'Delivery Status_Late delivery'}),0.13600230446656586,0.5482913155955883,0.07476221339581983,0.549712842654067,1.0025926492323418,0.00019333095581468285,1.0031569344923301,0.0029929996317696705
