antecedents,consequents,antecedent support,consequent support,support,confidence,lift,leverage,conviction,zhangs_metric
frozenset({'Delivery Status_Late delivery'}),frozenset({'Order Region_Western Europe'}),0.5482913155955883,0.1501725580132839,0.08386928799738531,0.1529648302130798,1.0185937579857225,0.0015309785979270712,1.0032965245120795,0.04041175610257589
frozenset({'Order Region_Western Europe'}),frozenset({'Delivery Status_Late delivery'}),0.1501725580132839,0.5482913155955883,0.08386928799738531,0.5584861116234461,1.0185937579857225,0.0015309785979270712,1.0230905443662124,0.021480056163980462
frozenset({'Delivery Status_Late delivery'}),frozenset({'Category Name_Fishing'}),0.5482913155955883,0.09597327705116913,0.05271467269373307,0.09614354850116694,1.0017741547983927,9.335835732766223e-05,1.0001883832877616,0.003920696698500636
frozenset({'Category Name_Fishing'}),frozenset({'Delivery Status_Late delivery'}),0.09597327705116913,0.5482913155955883,0.05271467269373307,0.5492640692640692,1.0017741547983927,9.335835732766223e-05,1.0021581453843555,0.001959026987445242
