antecedents,consequents,antecedent support,consequent support,support,confidence,lift,leverage,conviction,zhangs_metric
frozenset({'Delivery Status_Late delivery'}),frozenset({'Order Status_CLOSED'}),0.5482913155955883,0.10866446191259646,0.061539228557658754,0.11223819675278095,1.0328877976965367,0.0019594477771145424,1.0040255559848514,0.07048930121083452
frozenset({'Order Status_CLOSED'}),frozenset({'Delivery Status_Late delivery'}),0.10866446191259646,0.5482913155955883,0.061539228557658754,0.5663234094616639,1.0328877976965367,0.0019594477771145424,1.0415795877838179,0.03572238304651789
frozenset({'Delivery Status_Late delivery'}),frozenset({'Category Name_Fishing'}),0.5482913155955883,0.09597327705116913,0.05271467269373307,0.09614354850116694,1.0017741547983927,9.335835732766223e-05,1.0001883832877616,0.003920696698500636
frozenset({'Category Name_Fishing'}),frozenset({'Delivery Status_Late delivery'}),0.09597327705116913,0.5482913155955883,0.05271467269373307,0.5492640692640692,1.0017741547983927,9.335835732766223e-05,1.0021581453843555,0.001959026987445242
