antecedents,consequents,antecedent support,consequent support,support,confidence,lift,leverage,conviction,zhangs_metric
frozenset({'Delivery Status_Late delivery'}),frozenset({'Order Status_PENDING_PAYMENT'}),0.5482913155955883,0.22065267367977887,0.12697832361136502,0.23158915707689665,1.0495642459922752,0.005996378869795024,1.0142325990033072,0.10454446288989055
frozenset({'Order Status_PENDING_PAYMENT'}),frozenset({'Delivery Status_Late delivery'}),0.22065267367977887,0.5482913155955883,0.12697832361136502,0.5754669612371962,1.0495642459922752,0.005996378869795024,1.064013028811149,0.060593833068922194
frozenset({'Order Region_Western Europe'}),frozenset({'Delivery Status_Late delivery'}),0.1501725580132839,0.5482913155955883,0.08386928799738531,0.5584861116234461,1.0185937579857225,0.0015309785979270712,1.0230905443662124,0.021480056163980462
frozenset({'Delivery Status_Late delivery'}),frozenset({'Order Region_Western Europe'}),0.5482913155955883,0.1501725580132839,0.08386928799738531,0.1529648302130798,1.0185937579857225,0.0015309785979270712,1.0032965245120795,0.04041175610257589
